{
    "routes": [
        {
            "customers": [
                1,
                8,
                7,
                6,
                5,
                4,
                3,
                43,
                44,
                45,
                46,
                87,
                88,
                89,
                90,
                91,
                131,
                130,
                170,
                171,
                172,
                173,
                213,
                214,
                215,
                216,
                217,
                218
            ],
            "num_customers": 28,
            "remaining_capacity": 0,
            "route_cost": 5942.77199457788,
            "vehicle_id": 0
        },
        {
            "customers": [
                1,
                37,
                36,
                35,
                34,
                33,
                73,
                74,
                75,
                76,
                77,
                118,
                119,
                120,
                121,
                82,
                83,
                123,
                122,
                162,
                163,
                164,
                165,
                205,
                204,
                203,
                202,
                241,
                240
            ],
            "num_customers": 29,
            "remaining_capacity": 10,
            "route_cost": 6455.638296845765,
            "vehicle_id": 1
        },
        {
            "customers": [
                1,
                30,
                31,
                32,
                72,
                71,
                70,
                69,
                68,
                67,
                107,
                108,
                109,
                110,
                111,
                112,
                113,
                153,
                193,
                194,
                195,
                196,
                197,
                237,
                236,
                235,
                234,
                233
            ],
            "num_customers": 28,
            "remaining_capacity": 0,
            "route_cost": 6295.921942006163,
            "vehicle_id": 2
        },
        {
            "customers": [
                1,
                29,
                28,
                27,
                26,
                66,
                65,
                64,
                63,
                103,
                104,
                105,
                106,
                146,
                147,
                148,
                149,
                150,
                151,
                152,
                192,
                191,
                190,
                189,
                188,
                187,
                186
            ],
            "num_customers": 27,
            "remaining_capacity": 10,
            "route_cost": 5872.328249706985,
            "vehicle_id": 3
        },
        {
            "customers": [
                1,
                21,
                20,
                19,
                59,
                58,
                57,
                56,
                55,
                94,
                93,
                92,
                132,
                133,
                134,
                135,
                136,
                137,
                138,
                178,
                177,
                176,
                175,
                174,
                212,
                211,
                210
            ],
            "num_customers": 27,
            "remaining_capacity": 30,
            "route_cost": 6287.690158121206,
            "vehicle_id": 4
        },
        {
            "customers": [
                1,
                9,
                10,
                11,
                12,
                52,
                51,
                50,
                49,
                48,
                47,
                86,
                85,
                84,
                124,
                125,
                126,
                127,
                128,
                129,
                169,
                168,
                167,
                166,
                206,
                207,
                208,
                209
            ],
            "num_customers": 28,
            "remaining_capacity": 0,
            "route_cost": 6187.564537314629,
            "vehicle_id": 5
        },
        {
            "customers": [
                1,
                25,
                24,
                23,
                22,
                62,
                61,
                60,
                100,
                101,
                102,
                142,
                143,
                144,
                145,
                185,
                184,
                224,
                225,
                226,
                227,
                228,
                229,
                230,
                231,
                232
            ],
            "num_customers": 26,
            "remaining_capacity": 60,
            "route_cost": 6114.639438863619,
            "vehicle_id": 6
        },
        {
            "customers": [
                1,
                38,
                39,
                40,
                41,
                2,
                42,
                81,
                80,
                79,
                78,
                117,
                116,
                115,
                114,
                154,
                155,
                156,
                157,
                158,
                159,
                160,
                161,
                201,
                200,
                199,
                198,
                238,
                239
            ],
            "num_customers": 29,
            "remaining_capacity": 10,
            "route_cost": 6327.423847716788,
            "vehicle_id": 7
        },
        {
            "customers": [
                1,
                18,
                17,
                16,
                15,
                14,
                13,
                53,
                54,
                95,
                96,
                97,
                98,
                99,
                139,
                140,
                141,
                181,
                182,
                183,
                223,
                222,
                221,
                220,
                180,
                179,
                219
            ],
            "num_customers": 27,
            "remaining_capacity": 30,
            "route_cost": 5878.368342950753,
            "vehicle_id": 8
        }
    ],
    "total_cost": 55362.346808103786
}