{
    "routes": [
        {
            "customers": [
                1,
                11,
                10,
                9,
                8,
                7,
                6,
                46,
                47,
                48,
                89,
                90,
                91,
                92,
                93,
                94,
                95,
                135,
                134,
                133,
                173,
                174,
                175,
                176,
                177,
                217,
                216,
                215,
                214
            ],
            "num_customers": 29,
            "remaining_capacity": 10,
            "route_cost": 6325.406696595558,
            "vehicle_id": 0
        },
        {
            "customers": [
                1,
                36,
                35,
                34,
                33,
                74,
                75,
                76,
                77,
                78,
                79,
                80,
                81,
                42,
                83,
                84,
                85,
                125,
                165,
                166,
                206,
                207,
                208,
                209,
                210,
                211,
                212,
                213
            ],
            "num_customers": 28,
            "remaining_capacity": 40,
            "route_cost": 5939.020809601711,
            "vehicle_id": 1
        },
        {
            "customers": [
                1,
                32,
                31,
                30,
                70,
                71,
                72,
                73,
                113,
                114,
                115,
                116,
                117,
                118,
                119,
                120,
                160,
                159,
                158,
                157,
                197,
                198,
                199,
                239,
                238,
                237,
                236,
                235
            ],
            "num_customers": 28,
            "remaining_capacity": 0,
            "route_cost": 6476.566841678552,
            "vehicle_id": 2
        },
        {
            "customers": [
                1,
                28,
                29,
                69,
                68,
                108,
                109,
                110,
                111,
                112,
                151,
                152,
                153,
                154,
                155,
                156,
                196,
                195,
                194,
                234,
                233,
                193,
                192,
                191,
                231,
                232
            ],
            "num_customers": 26,
            "remaining_capacity": 0,
            "route_cost": 6688.108358025724,
            "vehicle_id": 3
        },
        {
            "customers": [
                1,
                18,
                19,
                20,
                21,
                22,
                23,
                62,
                61,
                60,
                59,
                98,
                97,
                96,
                136,
                137,
                138,
                139,
                140,
                141,
                181,
                180,
                179,
                178,
                218,
                219,
                220,
                221
            ],
            "num_customers": 28,
            "remaining_capacity": 20,
            "route_cost": 5949.881269300345,
            "vehicle_id": 4
        },
        {
            "customers": [
                1,
                12,
                13,
                53,
                52,
                51,
                50,
                49,
                88,
                87,
                86,
                126,
                127,
                128,
                129,
                130,
                131,
                132,
                172,
                171,
                170,
                169,
                168,
                167,
                205,
                204
            ],
            "num_customers": 26,
            "remaining_capacity": 20,
            "route_cost": 6094.5975135437475,
            "vehicle_id": 5
        },
        {
            "customers": [
                1,
                24,
                25,
                26,
                27,
                67,
                66,
                65,
                64,
                63,
                103,
                104,
                105,
                106,
                107,
                147,
                148,
                149,
                150,
                189,
                190,
                230,
                229,
                228,
                188,
                187,
                227,
                226
            ],
            "num_customers": 28,
            "remaining_capacity": 0,
            "route_cost": 6369.813014515879,
            "vehicle_id": 6
        },
        {
            "customers": [
                1,
                37,
                38,
                39,
                40,
                41,
                2,
                3,
                4,
                5,
                45,
                44,
                43,
                82,
                121,
                161,
                201,
                162,
                122,
                123,
                124,
                164,
                163,
                203,
                202,
                241,
                240,
                200
            ],
            "num_customers": 28,
            "remaining_capacity": 20,
            "route_cost": 5602.3296171206875,
            "vehicle_id": 7
        },
        {
            "customers": [
                1,
                17,
                16,
                15,
                14,
                54,
                55,
                56,
                57,
                58,
                99,
                100,
                101,
                102,
                142,
                143,
                144,
                145,
                146,
                186,
                185,
                184,
                183,
                182,
                222,
                223,
                224,
                225
            ],
            "num_customers": 28,
            "remaining_capacity": 40,
            "route_cost": 6339.1480386741905,
            "vehicle_id": 8
        }
    ],
    "total_cost": 55784.872159056395
}