{
    "routes": [
        {
            "customers": [
                1,
                8,
                7,
                6,
                5,
                45,
                46,
                47,
                48,
                49,
                90,
                91,
                92,
                93,
                94,
                95,
                135,
                134,
                133,
                132,
                172,
                173,
                174,
                175,
                176,
                177,
                217,
                216
            ],
            "num_customers": 28,
            "remaining_capacity": 20,
            "route_cost": 6104.412260880202,
            "vehicle_id": 0
        },
        {
            "customers": [
                1,
                35,
                34,
                33,
                73,
                74,
                75,
                76,
                77,
                78,
                79,
                80,
                81,
                42,
                83,
                84,
                85,
                125,
                165,
                166,
                167,
                168,
                169,
                210,
                211,
                212,
                213,
                214,
                215
            ],
            "num_customers": 29,
            "remaining_capacity": 30,
            "route_cost": 6548.935199151761,
            "vehicle_id": 1
        },
        {
            "customers": [
                1,
                32,
                72,
                111,
                112,
                113,
                114,
                115,
                116,
                117,
                118,
                119,
                120,
                160,
                159,
                158,
                157,
                156,
                196,
                197,
                198,
                199,
                239,
                238,
                237,
                236
            ],
            "num_customers": 26,
            "remaining_capacity": 0,
            "route_cost": 6631.102423572905,
            "vehicle_id": 2
        },
        {
            "customers": [
                1,
                28,
                29,
                30,
                31,
                71,
                70,
                69,
                68,
                108,
                109,
                110,
                150,
                151,
                152,
                153,
                154,
                155,
                195,
                194,
                193,
                192,
                191,
                231,
                232,
                233,
                234,
                235
            ],
            "num_customers": 28,
            "remaining_capacity": 0,
            "route_cost": 6653.057844421399,
            "vehicle_id": 3
        },
        {
            "customers": [
                1,
                19,
                20,
                21,
                22,
                23,
                62,
                61,
                60,
                59,
                98,
                97,
                96,
                136,
                137,
                138,
                139,
                140,
                141,
                181,
                180,
                179,
                178,
                218,
                219,
                220,
                221
            ],
            "num_customers": 27,
            "remaining_capacity": 30,
            "route_cost": 5797.483078752761,
            "vehicle_id": 4
        },
        {
            "customers": [
                1,
                9,
                10,
                11,
                12,
                13,
                53,
                52,
                51,
                50,
                89,
                88,
                87,
                86,
                126,
                127,
                128,
                129,
                130,
                131,
                171,
                170,
                209,
                208,
                207,
                206,
                205,
                204
            ],
            "num_customers": 28,
            "remaining_capacity": 20,
            "route_cost": 6274.098816553565,
            "vehicle_id": 5
        },
        {
            "customers": [
                1,
                24,
                25,
                26,
                27,
                67,
                66,
                65,
                64,
                63,
                103,
                104,
                105,
                106,
                107,
                147,
                148,
                149,
                189,
                188,
                187,
                186,
                226,
                227,
                228,
                229,
                230,
                190
            ],
            "num_customers": 28,
            "remaining_capacity": 0,
            "route_cost": 6334.141670604833,
            "vehicle_id": 6
        },
        {
            "customers": [
                1,
                36,
                37,
                38,
                39,
                40,
                41,
                2,
                3,
                4,
                44,
                43,
                82,
                121,
                161,
                122,
                123,
                124,
                164,
                163,
                162,
                201,
                200,
                240,
                241,
                202,
                203
            ],
            "num_customers": 27,
            "remaining_capacity": 10,
            "route_cost": 5112.998683097756,
            "vehicle_id": 7
        },
        {
            "customers": [
                1,
                18,
                17,
                16,
                15,
                14,
                54,
                55,
                56,
                57,
                58,
                99,
                100,
                101,
                102,
                142,
                143,
                144,
                145,
                146,
                185,
                184,
                183,
                182,
                222,
                223,
                224,
                225
            ],
            "num_customers": 28,
            "remaining_capacity": 40,
            "route_cost": 6034.830312200854,
            "vehicle_id": 8
        }
    ],
    "total_cost": 55491.06028923603
}