{
    "routes": [
        {
            "customers": [
                1,
                6,
                46,
                47,
                48,
                49,
                50,
                51,
                92,
                93,
                94,
                95,
                135,
                134,
                133,
                132,
                172,
                173,
                174,
                175,
                176,
                177,
                217,
                216,
                215,
                214,
                213
            ],
            "num_customers": 27,
            "remaining_capacity": 50,
            "route_cost": 6784.908857953583,
            "vehicle_id": 0
        },
        {
            "customers": [
                1,
                34,
                33,
                32,
                31,
                71,
                72,
                73,
                75,
                76,
                77,
                78,
                79,
                80,
                81,
                84,
                85,
                124,
                125,
                165,
                166,
                206,
                207,
                208,
                209,
                210,
                211,
                212
            ],
            "num_customers": 28,
            "remaining_capacity": 0,
            "route_cost": 6152.762291675886,
            "vehicle_id": 1
        },
        {
            "customers": [
                1,
                38,
                37,
                36,
                35,
                74,
                114,
                115,
                116,
                117,
                118,
                119,
                120,
                160,
                159,
                158,
                157,
                156,
                196,
                197,
                198,
                199,
                239,
                238,
                237,
                236,
                235,
                234
            ],
            "num_customers": 28,
            "remaining_capacity": 0,
            "route_cost": 6957.559642322953,
            "vehicle_id": 2
        },
        {
            "customers": [
                1,
                29,
                30,
                70,
                69,
                68,
                67,
                107,
                108,
                109,
                110,
                111,
                112,
                113,
                153,
                154,
                155,
                195,
                194,
                193,
                233,
                232,
                231,
                230,
                229,
                228
            ],
            "num_customers": 26,
            "remaining_capacity": 80,
            "route_cost": 6011.7153548610395,
            "vehicle_id": 3
        },
        {
            "customers": [
                1,
                25,
                24,
                23,
                22,
                62,
                61,
                60,
                59,
                58,
                57,
                96,
                136,
                137,
                138,
                139,
                140,
                141,
                181,
                180,
                179,
                178,
                218,
                219,
                220,
                221,
                182,
                183
            ],
            "num_customers": 28,
            "remaining_capacity": 20,
            "route_cost": 6531.414415686811,
            "vehicle_id": 4
        },
        {
            "customers": [
                1,
                7,
                8,
                9,
                10,
                11,
                12,
                13,
                53,
                52,
                91,
                90,
                89,
                88,
                87,
                86,
                126,
                127,
                128,
                129,
                130,
                131,
                171,
                170,
                169,
                168,
                167,
                205
            ],
            "num_customers": 28,
            "remaining_capacity": 0,
            "route_cost": 5666.775066980138,
            "vehicle_id": 5
        },
        {
            "customers": [
                1,
                28,
                27,
                26,
                66,
                65,
                64,
                63,
                103,
                104,
                105,
                106,
                146,
                147,
                148,
                149,
                150,
                151,
                152,
                192,
                191,
                190,
                189,
                188,
                187,
                227
            ],
            "num_customers": 26,
            "remaining_capacity": 0,
            "route_cost": 5731.101009934223,
            "vehicle_id": 6
        },
        {
            "customers": [
                1,
                39,
                40,
                41,
                2,
                3,
                4,
                5,
                45,
                44,
                43,
                42,
                121,
                82,
                83,
                123,
                122,
                161,
                201,
                162,
                163,
                164,
                204,
                203,
                202,
                241,
                240,
                200
            ],
            "num_customers": 28,
            "remaining_capacity": 0,
            "route_cost": 5799.4033588479315,
            "vehicle_id": 7
        },
        {
            "customers": [
                1,
                21,
                20,
                19,
                18,
                17,
                16,
                15,
                14,
                54,
                55,
                56,
                97,
                98,
                99,
                100,
                101,
                102,
                142,
                143,
                144,
                145,
                184,
                185,
                186,
                226,
                225,
                224,
                223,
                222
            ],
            "num_customers": 30,
            "remaining_capacity": 0,
            "route_cost": 6285.27554475896,
            "vehicle_id": 8
        }
    ],
    "total_cost": 55920.915543021525
}