{
    "routes": [
        {
            "customers": [
                1,
                2,
                42,
                43,
                44,
                45,
                46,
                47,
                48,
                89,
                90,
                91,
                92,
                93,
                94,
                95,
                135,
                175,
                176,
                177,
                217,
                216,
                215,
                214,
                213,
                212,
                211
            ],
            "num_customers": 27,
            "remaining_capacity": 10,
            "route_cost": 6385.023987505523,
            "vehicle_id": 0
        },
        {
            "customers": [
                1,
                26,
                27,
                69,
                70,
                71,
                72,
                73,
                74,
                75,
                76,
                78,
                79,
                80,
                82,
                83,
                84,
                85,
                86,
                126,
                127,
                167,
                166,
                205,
                206,
                207,
                208,
                168
            ],
            "num_customers": 28,
            "remaining_capacity": 0,
            "route_cost": 6180.20337340218,
            "vehicle_id": 1
        },
        {
            "customers": [
                1,
                34,
                35,
                36,
                37,
                38,
                39,
                77,
                116,
                117,
                118,
                119,
                120,
                160,
                159,
                158,
                157,
                156,
                196,
                197,
                198,
                199,
                239,
                238,
                237,
                236,
                235
            ],
            "num_customers": 27,
            "remaining_capacity": 10,
            "route_cost": 6003.160256764192,
            "vehicle_id": 2
        },
        {
            "customers": [
                1,
                33,
                32,
                31,
                30,
                29,
                68,
                109,
                110,
                111,
                112,
                113,
                114,
                115,
                154,
                155,
                195,
                194,
                234,
                233,
                232,
                231,
                230,
                229,
                228,
                227
            ],
            "num_customers": 26,
            "remaining_capacity": 60,
            "route_cost": 5871.922639502091,
            "vehicle_id": 3
        },
        {
            "customers": [
                1,
                25,
                24,
                23,
                22,
                62,
                61,
                60,
                59,
                98,
                97,
                96,
                136,
                137,
                138,
                139,
                140,
                141,
                181,
                180,
                179,
                178,
                218,
                219,
                220,
                221,
                222,
                223
            ],
            "num_customers": 28,
            "remaining_capacity": 20,
            "route_cost": 6723.7087810868215,
            "vehicle_id": 4
        },
        {
            "customers": [
                1,
                11,
                12,
                13,
                14,
                15,
                55,
                54,
                53,
                52,
                51,
                50,
                49,
                88,
                87,
                128,
                129,
                130,
                131,
                132,
                133,
                134,
                174,
                173,
                172,
                171,
                170,
                169,
                209,
                210
            ],
            "num_customers": 30,
            "remaining_capacity": 0,
            "route_cost": 6747.546895864797,
            "vehicle_id": 5
        },
        {
            "customers": [
                1,
                28,
                67,
                66,
                65,
                64,
                63,
                103,
                104,
                105,
                106,
                107,
                108,
                148,
                149,
                150,
                151,
                152,
                153,
                193,
                192,
                191,
                190,
                189,
                188,
                226
            ],
            "num_customers": 26,
            "remaining_capacity": 20,
            "route_cost": 6068.810187659729,
            "vehicle_id": 6
        },
        {
            "customers": [
                1,
                10,
                9,
                8,
                7,
                6,
                5,
                4,
                3,
                41,
                40,
                81,
                121,
                161,
                122,
                123,
                124,
                125,
                165,
                164,
                163,
                203,
                202,
                241,
                240,
                200,
                201,
                162,
                204
            ],
            "num_customers": 29,
            "remaining_capacity": 10,
            "route_cost": 6290.841746823498,
            "vehicle_id": 7
        },
        {
            "customers": [
                1,
                21,
                20,
                19,
                18,
                17,
                16,
                56,
                57,
                58,
                99,
                100,
                101,
                102,
                142,
                143,
                144,
                145,
                146,
                147,
                187,
                186,
                185,
                225,
                224,
                184,
                183,
                182
            ],
            "num_customers": 28,
            "remaining_capacity": 20,
            "route_cost": 6053.741914799521,
            "vehicle_id": 8
        }
    ],
    "total_cost": 56324.959783408354
}