{
    "routes": [
        {
            "customers": [
                1,
                41,
                2,
                43,
                44,
                45,
                46,
                47,
                48,
                88,
                89,
                90,
                91,
                131,
                130,
                170,
                171,
                172,
                173,
                174,
                175,
                176,
                216,
                215,
                214,
                213
            ],
            "num_customers": 26,
            "remaining_capacity": 40,
            "route_cost": 5951.42639421769,
            "vehicle_id": 0
        },
        {
            "customers": [
                1,
                33,
                32,
                31,
                71,
                72,
                73,
                74,
                75,
                76,
                77,
                118,
                119,
                159,
                160,
                161,
                122,
                123,
                124,
                125,
                126,
                166,
                206,
                205,
                165,
                164,
                204
            ],
            "num_customers": 27,
            "remaining_capacity": 30,
            "route_cost": 5876.4778600355385,
            "vehicle_id": 1
        },
        {
            "customers": [
                1,
                24,
                25,
                26,
                27,
                28,
                29,
                30,
                70,
                110,
                111,
                112,
                113,
                114,
                115,
                155,
                154,
                153,
                152,
                151,
                191,
                192,
                193,
                194,
                195,
                196,
                197,
                237,
                238
            ],
            "num_customers": 29,
            "remaining_capacity": 10,
            "route_cost": 6383.614108829193,
            "vehicle_id": 2
        },
        {
            "customers": [
                1,
                23,
                22,
                21,
                61,
                62,
                63,
                64,
                65,
                66,
                67,
                68,
                69,
                109,
                108,
                107,
                147,
                148,
                149,
                150,
                190,
                230,
                231,
                232,
                233,
                234,
                235,
                236
            ],
            "num_customers": 28,
            "remaining_capacity": 20,
            "route_cost": 6038.204091749886,
            "vehicle_id": 3
        },
        {
            "customers": [
                1,
                10,
                11,
                12,
                13,
                14,
                15,
                16,
                56,
                95,
                94,
                93,
                92,
                132,
                133,
                134,
                135,
                136,
                137,
                138,
                178,
                177,
                217,
                218,
                219,
                179,
                180,
                220
            ],
            "num_customers": 28,
            "remaining_capacity": 0,
            "route_cost": 6160.004217820176,
            "vehicle_id": 4
        },
        {
            "customers": [
                1,
                6,
                5,
                4,
                3,
                42,
                81,
                120,
                121,
                82,
                83,
                84,
                85,
                86,
                87,
                127,
                128,
                129,
                169,
                168,
                167,
                207,
                208,
                209,
                210,
                211,
                212
            ],
            "num_customers": 27,
            "remaining_capacity": 10,
            "route_cost": 6199.428573948296,
            "vehicle_id": 5
        },
        {
            "customers": [
                1,
                20,
                19,
                18,
                17,
                57,
                58,
                59,
                60,
                100,
                101,
                102,
                103,
                104,
                105,
                106,
                146,
                145,
                144,
                184,
                185,
                186,
                187,
                227,
                228,
                188,
                189,
                229
            ],
            "num_customers": 28,
            "remaining_capacity": 20,
            "route_cost": 6279.404161392104,
            "vehicle_id": 6
        },
        {
            "customers": [
                1,
                34,
                35,
                36,
                37,
                38,
                39,
                40,
                80,
                79,
                78,
                117,
                116,
                156,
                157,
                158,
                198,
                199,
                200,
                201,
                162,
                163,
                203,
                202,
                241,
                240,
                239
            ],
            "num_customers": 27,
            "remaining_capacity": 10,
            "route_cost": 5635.8406651458035,
            "vehicle_id": 7
        },
        {
            "customers": [
                1,
                7,
                8,
                9,
                49,
                50,
                51,
                52,
                53,
                54,
                55,
                96,
                97,
                98,
                99,
                139,
                140,
                141,
                142,
                143,
                183,
                182,
                181,
                221,
                222,
                223,
                224,
                225,
                226
            ],
            "num_customers": 29,
            "remaining_capacity": 10,
            "route_cost": 6823.382758118452,
            "vehicle_id": 8
        }
    ],
    "total_cost": 55347.782831257144
}