{
    "routes": [
        {
            "customers": [
                1,
                6,
                5,
                4,
                44,
                45,
                46,
                47,
                48,
                89,
                90,
                91,
                92,
                93,
                94,
                95,
                135,
                134,
                133,
                173,
                174,
                175,
                176,
                177,
                178,
                179,
                180
            ],
            "num_customers": 27,
            "remaining_capacity": 50,
            "route_cost": 5866.724889145768,
            "vehicle_id": 0
        },
        {
            "customers": [
                1,
                32,
                33,
                34,
                35,
                76,
                77,
                78,
                79,
                120,
                121,
                82,
                83,
                84,
                124,
                123,
                163,
                164,
                165,
                166,
                167,
                168,
                169,
                170,
                210,
                209,
                208
            ],
            "num_customers": 27,
            "remaining_capacity": 10,
            "route_cost": 6088.06955853149,
            "vehicle_id": 1
        },
        {
            "customers": [
                1,
                39,
                38,
                37,
                36,
                75,
                74,
                73,
                72,
                112,
                113,
                114,
                115,
                116,
                117,
                118,
                158,
                157,
                156,
                155,
                195,
                196,
                197,
                198,
                238,
                237,
                236,
                235
            ],
            "num_customers": 28,
            "remaining_capacity": 20,
            "route_cost": 6224.463217457153,
            "vehicle_id": 2
        },
        {
            "customers": [
                1,
                29,
                30,
                31,
                71,
                70,
                69,
                68,
                67,
                66,
                106,
                107,
                108,
                109,
                110,
                111,
                151,
                152,
                153,
                154,
                194,
                193,
                192,
                191,
                231,
                232,
                233,
                234
            ],
            "num_customers": 28,
            "remaining_capacity": 20,
            "route_cost": 6235.921661847946,
            "vehicle_id": 3
        },
        {
            "customers": [
                1,
                16,
                17,
                18,
                19,
                20,
                21,
                61,
                60,
                59,
                98,
                97,
                96,
                136,
                137,
                138,
                139,
                140,
                141,
                181,
                221,
                220,
                219,
                218,
                217,
                216,
                215
            ],
            "num_customers": 27,
            "remaining_capacity": 30,
            "route_cost": 5752.712373069591,
            "vehicle_id": 4
        },
        {
            "customers": [
                1,
                7,
                8,
                9,
                10,
                11,
                51,
                50,
                49,
                88,
                87,
                86,
                85,
                125,
                126,
                127,
                128,
                129,
                130,
                131,
                132,
                172,
                171,
                211,
                212,
                213,
                214
            ],
            "num_customers": 27,
            "remaining_capacity": 10,
            "route_cost": 5801.37450986693,
            "vehicle_id": 5
        },
        {
            "customers": [
                1,
                28,
                27,
                26,
                25,
                24,
                23,
                22,
                62,
                63,
                64,
                65,
                104,
                105,
                145,
                146,
                147,
                148,
                149,
                150,
                190,
                189,
                188,
                187,
                186,
                226,
                227,
                228,
                229,
                230
            ],
            "num_customers": 30,
            "remaining_capacity": 0,
            "route_cost": 6776.307521334423,
            "vehicle_id": 6
        },
        {
            "customers": [
                1,
                40,
                41,
                2,
                3,
                43,
                42,
                81,
                80,
                119,
                159,
                160,
                161,
                122,
                162,
                201,
                200,
                199,
                239,
                240,
                241,
                202,
                203,
                204,
                205,
                206,
                207
            ],
            "num_customers": 27,
            "remaining_capacity": 10,
            "route_cost": 6733.297953297035,
            "vehicle_id": 7
        },
        {
            "customers": [
                1,
                15,
                14,
                13,
                12,
                52,
                53,
                54,
                55,
                56,
                57,
                58,
                99,
                100,
                101,
                102,
                103,
                142,
                143,
                144,
                184,
                183,
                182,
                222,
                223,
                224,
                225,
                185
            ],
            "num_customers": 28,
            "remaining_capacity": 0,
            "route_cost": 5945.064434464463,
            "vehicle_id": 8
        }
    ],
    "total_cost": 55423.93611901479
}