{
    "routes": [
        {
            "customers": [
                1,
                2,
                3,
                4,
                5,
                46,
                47,
                48,
                49,
                89,
                90,
                91,
                131,
                130,
                129,
                169,
                170,
                171,
                172,
                173,
                174,
                175,
                176,
                216,
                215,
                214,
                213,
                212
            ],
            "num_customers": 28,
            "remaining_capacity": 20,
            "route_cost": 6858.699710159874,
            "vehicle_id": 0
        },
        {
            "customers": [
                1,
                34,
                33,
                32,
                72,
                73,
                74,
                75,
                76,
                77,
                78,
                119,
                120,
                121,
                161,
                122,
                123,
                124,
                164,
                163,
                162,
                202,
                203,
                204,
                205,
                206,
                207
            ],
            "num_customers": 27,
            "remaining_capacity": 30,
            "route_cost": 5964.167886850419,
            "vehicle_id": 1
        },
        {
            "customers": [
                1,
                26,
                27,
                28,
                29,
                30,
                31,
                71,
                70,
                110,
                111,
                112,
                113,
                114,
                115,
                116,
                156,
                155,
                154,
                153,
                193,
                194,
                195,
                196,
                197,
                198,
                199
            ],
            "num_customers": 27,
            "remaining_capacity": 30,
            "route_cost": 5411.62861224754,
            "vehicle_id": 2
        },
        {
            "customers": [
                1,
                25,
                24,
                64,
                65,
                66,
                67,
                68,
                69,
                109,
                108,
                107,
                106,
                105,
                146,
                147,
                148,
                149,
                150,
                151,
                152,
                192,
                191,
                190,
                230,
                231,
                232,
                233
            ],
            "num_customers": 28,
            "remaining_capacity": 0,
            "route_cost": 6642.877923345069,
            "vehicle_id": 3
        },
        {
            "customers": [
                1,
                14,
                15,
                16,
                17,
                18,
                19,
                58,
                57,
                56,
                95,
                94,
                93,
                92,
                132,
                133,
                134,
                135,
                136,
                137,
                177,
                217,
                218,
                178,
                179,
                180,
                220,
                219
            ],
            "num_customers": 28,
            "remaining_capacity": 20,
            "route_cost": 6121.964395990955,
            "vehicle_id": 4
        },
        {
            "customers": [
                1,
                9,
                8,
                7,
                6,
                45,
                44,
                43,
                42,
                82,
                83,
                84,
                85,
                86,
                87,
                88,
                128,
                127,
                126,
                125,
                165,
                166,
                167,
                168,
                208,
                209,
                210,
                211
            ],
            "num_customers": 28,
            "remaining_capacity": 0,
            "route_cost": 6224.461090640108,
            "vehicle_id": 5
        },
        {
            "customers": [
                1,
                20,
                21,
                22,
                23,
                63,
                62,
                61,
                60,
                59,
                99,
                100,
                101,
                102,
                103,
                104,
                144,
                145,
                185,
                186,
                187,
                188,
                189,
                229,
                228,
                227,
                226,
                225
            ],
            "num_customers": 28,
            "remaining_capacity": 0,
            "route_cost": 6230.017515747821,
            "vehicle_id": 6
        },
        {
            "customers": [
                1,
                35,
                36,
                37,
                38,
                39,
                40,
                41,
                81,
                80,
                79,
                118,
                117,
                157,
                158,
                159,
                160,
                200,
                201,
                241,
                240,
                239,
                238,
                237,
                236,
                235,
                234
            ],
            "num_customers": 27,
            "remaining_capacity": 30,
            "route_cost": 5681.716335920833,
            "vehicle_id": 7
        },
        {
            "customers": [
                1,
                13,
                12,
                11,
                10,
                50,
                51,
                52,
                53,
                54,
                55,
                96,
                97,
                98,
                138,
                139,
                140,
                141,
                142,
                143,
                183,
                182,
                181,
                221,
                222,
                223,
                224,
                184
            ],
            "num_customers": 28,
            "remaining_capacity": 20,
            "route_cost": 6214.605608845373,
            "vehicle_id": 8
        }
    ],
    "total_cost": 55350.139079748
}